{
	"data": {
		"vehicles": [],
		"regionInfo": {
			"id": 102060,
			"capitalId": 0,
			"hierarchy": [
				225,
				11316,
				65,
				102060
			],
			"seoname": "oktyabrsky-district",
			"bounds": [
				[
					82.929112,
					54.96970174914566
				],
				[
					83.091734,
					55.05129474914566
				]
			],
			"parentRegion": {
				"id": 65,
				"capitalId": 0,
				"hierarchy": [
					225,
					11316,
					65
				],
				"seoname": "novosibirsk",
				"bounds": [
					[
						82.71605,
						54.83033206047414
					],
					[
						83.12481,
						55.22907406047414
					]
				]
			},
			"title": "Новосибирска",
			"subtitle": "Октябрьский район"
		}
	}
}